{"stats":{"minecraft:custom":{"minecraft:time_since_rest":4509,"minecraft:play_one_minute":4509,"minecraft:sprint_one_cm":23996,"minecraft:damage_taken":180,"minecraft:walk_one_cm":7277,"minecraft:walk_under_water_one_cm":2625,"minecraft:jump":181,"minecraft:damage_dealt":146,"minecraft:leave_game":1,"minecraft:time_since_death":4509,"minecraft:walk_on_water_one_cm":748,"minecraft:fly_one_cm":39509,"minecraft:fall_one_cm":9292},"minecraft:picked_up":{"minecraft:stick":1,"minecraft:wheat_seeds":8,"minecraft:spruce_sapling":1,"minecraft:cornflower":1},"minecraft:used":{"minecraft:cornflower":1,"minecraft:spruce_sapling":1},"minecraft:mined":{"minecraft:large_fern":1,"minecraft:grass":67,"minecraft:tall_grass":13,"minecraft:spruce_leaves":8,"minecraft:birch_leaves":1,"minecraft:sugar_cane":1,"minecraft:cornflower":1}},"DataVersion":2586}